INSERT INTO BankManage_storeaccount (Account_ID,fk_bank_id,balance,open_date,rate,currency_type) values ('1949883154','合肥分行','40000.00','2022-10-09','4.61','USD');
INSERT INTO BankManage_openstore (fk_account_id,fk_client_id,last_access) VALUES ('1949883154','29','2021-09-23');
INSERT INTO BankManage_checkaccount (Account_ID,fk_bank_id,balance,open_date,overdraft) values ('1500496416','合肥分行','110000.00','2021-05-01','12000.00');
INSERT INTO BankManage_opencheck (fk_account_id,fk_client_id,last_access) VALUES ('1500496416','29','2023-08-29');
INSERT INTO BankManage_storeaccount (Account_ID,fk_bank_id,balance,open_date,rate,currency_type) values ('2776829969','合肥分行','160000.00','2022-02-10','1.10','USD');
INSERT INTO BankManage_openstore (fk_account_id,fk_client_id,last_access) VALUES ('2776829969','28','2023-12-28');
INSERT INTO BankManage_checkaccount (Account_ID,fk_bank_id,balance,open_date,overdraft) values ('8333635724','合肥分行','170000.00','2022-12-04','19000.00');
INSERT INTO BankManage_opencheck (fk_account_id,fk_client_id,last_access) VALUES ('8333635724','28','2021-01-22');
INSERT INTO BankManage_storeaccount (Account_ID,fk_bank_id,balance,open_date,rate,currency_type) values ('4228238384','合肥分行','40000.00','2022-01-06','4.58','CNY');
INSERT INTO BankManage_openstore (fk_account_id,fk_client_id,last_access) VALUES ('4228238384','27','2020-10-20');
INSERT INTO BankManage_checkaccount (Account_ID,fk_bank_id,balance,open_date,overdraft) values ('0928824467','合肥分行','190000.00','2021-06-15','17000.00');
INSERT INTO BankManage_opencheck (fk_account_id,fk_client_id,last_access) VALUES ('0928824467','27','2022-07-28');
INSERT INTO BankManage_storeaccount (Account_ID,fk_bank_id,balance,open_date,rate,currency_type) values ('3178081640','合肥分行','200000.00','2020-01-30','2.72','USD');
INSERT INTO BankManage_openstore (fk_account_id,fk_client_id,last_access) VALUES ('3178081640','26','2020-04-23');
INSERT INTO BankManage_checkaccount (Account_ID,fk_bank_id,balance,open_date,overdraft) values ('5645204786','合肥分行','170000.00','2020-02-03','3000.00');
INSERT INTO BankManage_opencheck (fk_account_id,fk_client_id,last_access) VALUES ('5645204786','26','2021-09-05');
INSERT INTO BankManage_storeaccount (Account_ID,fk_bank_id,balance,open_date,rate,currency_type) values ('0014673477','合肥分行','10000.00','2022-02-16','0.66','CNY');
INSERT INTO BankManage_openstore (fk_account_id,fk_client_id,last_access) VALUES ('0014673477','25','2022-01-24');
INSERT INTO BankManage_checkaccount (Account_ID,fk_bank_id,balance,open_date,overdraft) values ('9696924200','合肥分行','90000.00','2023-01-12','6000.00');
INSERT INTO BankManage_opencheck (fk_account_id,fk_client_id,last_access) VALUES ('9696924200','25','2023-06-18');
INSERT INTO BankManage_storeaccount (Account_ID,fk_bank_id,balance,open_date,rate,currency_type) values ('8334966900','合肥分行','50000.00','2022-08-04','0.09','USD');
INSERT INTO BankManage_openstore (fk_account_id,fk_client_id,last_access) VALUES ('8334966900','24','2023-07-03');
INSERT INTO BankManage_checkaccount (Account_ID,fk_bank_id,balance,open_date,overdraft) values ('6849341179','合肥分行','50000.00','2022-06-03','5000.00');
INSERT INTO BankManage_opencheck (fk_account_id,fk_client_id,last_access) VALUES ('6849341179','24','2023-02-25');
INSERT INTO BankManage_storeaccount (Account_ID,fk_bank_id,balance,open_date,rate,currency_type) values ('7450701494','合肥分行','150000.00','2021-10-05','2.88','USD');
INSERT INTO BankManage_openstore (fk_account_id,fk_client_id,last_access) VALUES ('7450701494','23','2021-02-19');
INSERT INTO BankManage_checkaccount (Account_ID,fk_bank_id,balance,open_date,overdraft) values ('6364491002','合肥分行','140000.00','2022-07-30','19000.00');
INSERT INTO BankManage_opencheck (fk_account_id,fk_client_id,last_access) VALUES ('6364491002','23','2023-03-13');
INSERT INTO BankManage_storeaccount (Account_ID,fk_bank_id,balance,open_date,rate,currency_type) values ('9141378756','合肥分行','40000.00','2022-06-01','2.92','CNY');
INSERT INTO BankManage_openstore (fk_account_id,fk_client_id,last_access) VALUES ('9141378756','22','2023-08-16');
INSERT INTO BankManage_checkaccount (Account_ID,fk_bank_id,balance,open_date,overdraft) values ('4046672949','合肥分行','80000.00','2023-06-09','7000.00');
INSERT INTO BankManage_opencheck (fk_account_id,fk_client_id,last_access) VALUES ('4046672949','22','2021-11-15');
INSERT INTO BankManage_storeaccount (Account_ID,fk_bank_id,balance,open_date,rate,currency_type) values ('1647764653','合肥分行','180000.00','2022-07-02','4.86','USD');
INSERT INTO BankManage_openstore (fk_account_id,fk_client_id,last_access) VALUES ('1647764653','21','2022-05-20');
INSERT INTO BankManage_checkaccount (Account_ID,fk_bank_id,balance,open_date,overdraft) values ('9646651821','合肥分行','70000.00','2023-03-17','4000.00');
INSERT INTO BankManage_opencheck (fk_account_id,fk_client_id,last_access) VALUES ('9646651821','21','2023-07-21');
INSERT INTO BankManage_storeaccount (Account_ID,fk_bank_id,balance,open_date,rate,currency_type) values ('3149080830','合肥分行','190000.00','2021-11-02','3.32','CNY');
INSERT INTO BankManage_openstore (fk_account_id,fk_client_id,last_access) VALUES ('3149080830','20','2023-06-11');
INSERT INTO BankManage_checkaccount (Account_ID,fk_bank_id,balance,open_date,overdraft) values ('8957363020','合肥分行','140000.00','2022-08-23','9000.00');
INSERT INTO BankManage_opencheck (fk_account_id,fk_client_id,last_access) VALUES ('8957363020','20','2021-11-26');
INSERT INTO BankManage_storeaccount (Account_ID,fk_bank_id,balance,open_date,rate,currency_type) values ('4347324967','上海分行','90000.00','2022-02-26','0.61','USD');
INSERT INTO BankManage_openstore (fk_account_id,fk_client_id,last_access) VALUES ('4347324967','19','2022-09-14');
INSERT INTO BankManage_checkaccount (Account_ID,fk_bank_id,balance,open_date,overdraft) values ('8648322075','上海分行','70000.00','2021-09-28','7000.00');
INSERT INTO BankManage_opencheck (fk_account_id,fk_client_id,last_access) VALUES ('8648322075','19','2021-05-14');
INSERT INTO BankManage_storeaccount (Account_ID,fk_bank_id,balance,open_date,rate,currency_type) values ('9064558034','上海分行','190000.00','2020-08-26','1.72','USD');
INSERT INTO BankManage_openstore (fk_account_id,fk_client_id,last_access) VALUES ('9064558034','18','2023-07-25');
INSERT INTO BankManage_checkaccount (Account_ID,fk_bank_id,balance,open_date,overdraft) values ('5836521948','上海分行','170000.00','2021-08-11','14000.00');
INSERT INTO BankManage_opencheck (fk_account_id,fk_client_id,last_access) VALUES ('5836521948','18','2021-08-09');
INSERT INTO BankManage_storeaccount (Account_ID,fk_bank_id,balance,open_date,rate,currency_type) values ('5500347603','上海分行','190000.00','2023-03-17','2.41','USD');
INSERT INTO BankManage_openstore (fk_account_id,fk_client_id,last_access) VALUES ('5500347603','17','2022-03-02');
INSERT INTO BankManage_checkaccount (Account_ID,fk_bank_id,balance,open_date,overdraft) values ('5491843097','上海分行','60000.00','2023-02-07','5000.00');
INSERT INTO BankManage_opencheck (fk_account_id,fk_client_id,last_access) VALUES ('5491843097','17','2022-02-22');
INSERT INTO BankManage_storeaccount (Account_ID,fk_bank_id,balance,open_date,rate,currency_type) values ('9335165830','上海分行','100000.00','2021-07-12','1.49','CNY');
INSERT INTO BankManage_openstore (fk_account_id,fk_client_id,last_access) VALUES ('9335165830','16','2020-08-19');
INSERT INTO BankManage_checkaccount (Account_ID,fk_bank_id,balance,open_date,overdraft) values ('6091282997','上海分行','110000.00','2023-03-08','13000.00');
INSERT INTO BankManage_opencheck (fk_account_id,fk_client_id,last_access) VALUES ('6091282997','16','2021-01-28');
INSERT INTO BankManage_storeaccount (Account_ID,fk_bank_id,balance,open_date,rate,currency_type) values ('7899473187','上海分行','110000.00','2021-02-15','0.38','USD');
INSERT INTO BankManage_openstore (fk_account_id,fk_client_id,last_access) VALUES ('7899473187','15','2021-12-09');
INSERT INTO BankManage_checkaccount (Account_ID,fk_bank_id,balance,open_date,overdraft) values ('3325527480','上海分行','50000.00','2020-03-20','5000.00');
INSERT INTO BankManage_opencheck (fk_account_id,fk_client_id,last_access) VALUES ('3325527480','15','2021-08-16');
INSERT INTO BankManage_storeaccount (Account_ID,fk_bank_id,balance,open_date,rate,currency_type) values ('2950692128','上海分行','40000.00','2023-07-05','0.24','CNY');
INSERT INTO BankManage_openstore (fk_account_id,fk_client_id,last_access) VALUES ('2950692128','14','2021-05-22');
INSERT INTO BankManage_checkaccount (Account_ID,fk_bank_id,balance,open_date,overdraft) values ('5807011541','上海分行','200000.00','2022-02-05','13000.00');
INSERT INTO BankManage_opencheck (fk_account_id,fk_client_id,last_access) VALUES ('5807011541','14','2023-08-01');
INSERT INTO BankManage_storeaccount (Account_ID,fk_bank_id,balance,open_date,rate,currency_type) values ('7694503087','上海分行','10000.00','2020-12-26','0.14','USD');
INSERT INTO BankManage_openstore (fk_account_id,fk_client_id,last_access) VALUES ('7694503087','13','2023-07-10');
INSERT INTO BankManage_checkaccount (Account_ID,fk_bank_id,balance,open_date,overdraft) values ('6586627578','上海分行','50000.00','2022-02-20','12000.00');
INSERT INTO BankManage_opencheck (fk_account_id,fk_client_id,last_access) VALUES ('6586627578','13','2022-08-12');
INSERT INTO BankManage_storeaccount (Account_ID,fk_bank_id,balance,open_date,rate,currency_type) values ('9128287121','上海分行','120000.00','2023-11-09','3.88','USD');
INSERT INTO BankManage_openstore (fk_account_id,fk_client_id,last_access) VALUES ('9128287121','12','2020-02-28');
INSERT INTO BankManage_checkaccount (Account_ID,fk_bank_id,balance,open_date,overdraft) values ('9942553700','上海分行','30000.00','2022-03-05','10000.00');
INSERT INTO BankManage_opencheck (fk_account_id,fk_client_id,last_access) VALUES ('9942553700','12','2023-07-21');
INSERT INTO BankManage_storeaccount (Account_ID,fk_bank_id,balance,open_date,rate,currency_type) values ('5628681393','上海分行','190000.00','2023-03-02','2.46','CNY');
INSERT INTO BankManage_openstore (fk_account_id,fk_client_id,last_access) VALUES ('5628681393','11','2020-12-29');
INSERT INTO BankManage_checkaccount (Account_ID,fk_bank_id,balance,open_date,overdraft) values ('2789982028','上海分行','110000.00','2021-04-25','15000.00');
INSERT INTO BankManage_opencheck (fk_account_id,fk_client_id,last_access) VALUES ('2789982028','11','2023-08-17');
INSERT INTO BankManage_storeaccount (Account_ID,fk_bank_id,balance,open_date,rate,currency_type) values ('1610138841','上海分行','170000.00','2023-12-22','1.55','USD');
INSERT INTO BankManage_openstore (fk_account_id,fk_client_id,last_access) VALUES ('1610138841','10','2021-11-24');
INSERT INTO BankManage_checkaccount (Account_ID,fk_bank_id,balance,open_date,overdraft) values ('5655496292','上海分行','40000.00','2020-08-06','13000.00');
INSERT INTO BankManage_opencheck (fk_account_id,fk_client_id,last_access) VALUES ('5655496292','10','2021-07-08');
INSERT INTO BankManage_storeaccount (Account_ID,fk_bank_id,balance,open_date,rate,currency_type) values ('5453963990','北京分行','120000.00','2020-03-15','1.31','CNY');
INSERT INTO BankManage_openstore (fk_account_id,fk_client_id,last_access) VALUES ('5453963990','9','2022-10-29');
INSERT INTO BankManage_checkaccount (Account_ID,fk_bank_id,balance,open_date,overdraft) values ('3477974509','北京分行','120000.00','2020-11-15','7000.00');
INSERT INTO BankManage_opencheck (fk_account_id,fk_client_id,last_access) VALUES ('3477974509','9','2022-06-19');
INSERT INTO BankManage_storeaccount (Account_ID,fk_bank_id,balance,open_date,rate,currency_type) values ('8994575584','北京分行','180000.00','2023-12-04','2.17','USD');
INSERT INTO BankManage_openstore (fk_account_id,fk_client_id,last_access) VALUES ('8994575584','8','2021-01-03');
INSERT INTO BankManage_checkaccount (Account_ID,fk_bank_id,balance,open_date,overdraft) values ('0332571302','北京分行','40000.00','2023-01-16','19000.00');
INSERT INTO BankManage_opencheck (fk_account_id,fk_client_id,last_access) VALUES ('0332571302','8','2021-03-09');
INSERT INTO BankManage_storeaccount (Account_ID,fk_bank_id,balance,open_date,rate,currency_type) values ('0039550407','北京分行','40000.00','2021-01-03','4.25','USD');
INSERT INTO BankManage_openstore (fk_account_id,fk_client_id,last_access) VALUES ('0039550407','7','2023-05-24');
INSERT INTO BankManage_checkaccount (Account_ID,fk_bank_id,balance,open_date,overdraft) values ('2823868062','北京分行','160000.00','2021-10-10','7000.00');
INSERT INTO BankManage_opencheck (fk_account_id,fk_client_id,last_access) VALUES ('2823868062','7','2021-10-04');
INSERT INTO BankManage_storeaccount (Account_ID,fk_bank_id,balance,open_date,rate,currency_type) values ('9660533666','北京分行','120000.00','2020-07-07','3.91','CNY');
INSERT INTO BankManage_openstore (fk_account_id,fk_client_id,last_access) VALUES ('9660533666','6','2023-05-28');
INSERT INTO BankManage_checkaccount (Account_ID,fk_bank_id,balance,open_date,overdraft) values ('3801537011','北京分行','60000.00','2022-09-12','13000.00');
INSERT INTO BankManage_opencheck (fk_account_id,fk_client_id,last_access) VALUES ('3801537011','6','2022-03-23');
INSERT INTO BankManage_storeaccount (Account_ID,fk_bank_id,balance,open_date,rate,currency_type) values ('1414460382','北京分行','100000.00','2023-06-08','3.25','USD');
INSERT INTO BankManage_openstore (fk_account_id,fk_client_id,last_access) VALUES ('1414460382','5','2020-06-16');
INSERT INTO BankManage_checkaccount (Account_ID,fk_bank_id,balance,open_date,overdraft) values ('3571042837','北京分行','60000.00','2023-07-02','8000.00');
INSERT INTO BankManage_opencheck (fk_account_id,fk_client_id,last_access) VALUES ('3571042837','5','2022-04-04');
INSERT INTO BankManage_storeaccount (Account_ID,fk_bank_id,balance,open_date,rate,currency_type) values ('2110000113','北京分行','50000.00','2022-09-17','3.47','CNY');
INSERT INTO BankManage_openstore (fk_account_id,fk_client_id,last_access) VALUES ('2110000113','4','2023-09-22');
INSERT INTO BankManage_checkaccount (Account_ID,fk_bank_id,balance,open_date,overdraft) values ('8362483037','北京分行','140000.00','2023-03-18','17000.00');
INSERT INTO BankManage_opencheck (fk_account_id,fk_client_id,last_access) VALUES ('8362483037','4','2021-01-06');
INSERT INTO BankManage_storeaccount (Account_ID,fk_bank_id,balance,open_date,rate,currency_type) values ('1652838254','北京分行','160000.00','2021-12-28','2.30','CNY');
INSERT INTO BankManage_openstore (fk_account_id,fk_client_id,last_access) VALUES ('1652838254','3','2022-11-26');
INSERT INTO BankManage_checkaccount (Account_ID,fk_bank_id,balance,open_date,overdraft) values ('6835172594','北京分行','180000.00','2023-04-20','18000.00');
INSERT INTO BankManage_opencheck (fk_account_id,fk_client_id,last_access) VALUES ('6835172594','3','2023-03-29');
INSERT INTO BankManage_storeaccount (Account_ID,fk_bank_id,balance,open_date,rate,currency_type) values ('2497657944','北京分行','60000.00','2020-03-20','3.68','USD');
INSERT INTO BankManage_openstore (fk_account_id,fk_client_id,last_access) VALUES ('2497657944','2','2021-08-11');
INSERT INTO BankManage_checkaccount (Account_ID,fk_bank_id,balance,open_date,overdraft) values ('1875314333','北京分行','60000.00','2022-07-26','20000.00');
INSERT INTO BankManage_opencheck (fk_account_id,fk_client_id,last_access) VALUES ('1875314333','2','2023-06-12');
INSERT INTO BankManage_storeaccount (Account_ID,fk_bank_id,balance,open_date,rate,currency_type) values ('5302407569','北京分行','130000.00','2020-03-06','2.76','CNY');
INSERT INTO BankManage_openstore (fk_account_id,fk_client_id,last_access) VALUES ('5302407569','1','2023-12-01');
INSERT INTO BankManage_checkaccount (Account_ID,fk_bank_id,balance,open_date,overdraft) values ('1777278398','北京分行','80000.00','2021-08-18','4000.00');
INSERT INTO BankManage_opencheck (fk_account_id,fk_client_id,last_access) VALUES ('1777278398','1','2021-11-30');
INSERT INTO BankManage_storeaccount (Account_ID,fk_bank_id,balance,open_date,rate,currency_type) values ('8437111902','北京分行','200000.00','2022-10-09','4.42','CNY');
INSERT INTO BankManage_openstore (fk_account_id,fk_client_id,last_access) VALUES ('8437111902','0','2023-02-15');
INSERT INTO BankManage_checkaccount (Account_ID,fk_bank_id,balance,open_date,overdraft) values ('1191438186','北京分行','100000.00','2020-07-22','1000.00');
INSERT INTO BankManage_opencheck (fk_account_id,fk_client_id,last_access) VALUES ('1191438186','0','2022-09-16');
