INSERT INTO BankManage_loan (Loan_ID,fk_bank_id,money,status) values ('9973119083','合肥分行','790000.00','未支付');
INSERT INTO BankManage_clientloan (fk_loan_id,fk_client_id) VALUES ('9973119083','29');
INSERT INTO BankManage_loan (Loan_ID,fk_bank_id,money,status) values ('4624049916','合肥分行','750000.00','未支付');
INSERT INTO BankManage_clientloan (fk_loan_id,fk_client_id) VALUES ('4624049916','28');
INSERT INTO BankManage_payment (fk_loan_id,pay_date,pay_money) values ('4624049916','2018-10-10','150000.00');
INSERT INTO BankManage_payment (fk_loan_id,pay_date,pay_money) values ('4624049916','2014-10-29','150000.00');
INSERT INTO BankManage_payment (fk_loan_id,pay_date,pay_money) values ('4624049916','2013-03-04','150000.00');
INSERT INTO BankManage_payment (fk_loan_id,pay_date,pay_money) values ('4624049916','2011-03-26','150000.00');
INSERT INTO BankManage_payment (fk_loan_id,pay_date,pay_money) values ('4624049916','2015-03-30','150000.00');
INSERT INTO BankManage_loan (Loan_ID,fk_bank_id,money,status) values ('5913511342','合肥分行','70000.00','未支付');
INSERT INTO BankManage_clientloan (fk_loan_id,fk_client_id) VALUES ('5913511342','27');
INSERT INTO BankManage_loan (Loan_ID,fk_bank_id,money,status) values ('5715172102','合肥分行','940000.00','未支付');
INSERT INTO BankManage_clientloan (fk_loan_id,fk_client_id) VALUES ('5715172102','26');
INSERT INTO BankManage_payment (fk_loan_id,pay_date,pay_money) values ('5715172102','2011-08-11','188000.00');
INSERT INTO BankManage_payment (fk_loan_id,pay_date,pay_money) values ('5715172102','2010-04-15','188000.00');
INSERT INTO BankManage_payment (fk_loan_id,pay_date,pay_money) values ('5715172102','2015-11-25','188000.00');
INSERT INTO BankManage_payment (fk_loan_id,pay_date,pay_money) values ('5715172102','2016-12-11','188000.00');
INSERT INTO BankManage_payment (fk_loan_id,pay_date,pay_money) values ('5715172102','2020-09-07','188000.00');
INSERT INTO BankManage_loan (Loan_ID,fk_bank_id,money,status) values ('1122168080','合肥分行','900000.00','未支付');
INSERT INTO BankManage_clientloan (fk_loan_id,fk_client_id) VALUES ('1122168080','25');
INSERT INTO BankManage_payment (fk_loan_id,pay_date,pay_money) values ('1122168080','2015-05-26','90000.00');
INSERT INTO BankManage_payment (fk_loan_id,pay_date,pay_money) values ('1122168080','2016-06-28','90000.00');
INSERT INTO BankManage_payment (fk_loan_id,pay_date,pay_money) values ('1122168080','2014-03-14','90000.00');
INSERT INTO BankManage_payment (fk_loan_id,pay_date,pay_money) values ('1122168080','2016-03-01','90000.00');
INSERT INTO BankManage_payment (fk_loan_id,pay_date,pay_money) values ('1122168080','2020-03-23','90000.00');
INSERT INTO BankManage_loan (Loan_ID,fk_bank_id,money,status) values ('1224266291','合肥分行','90000.00','未支付');
INSERT INTO BankManage_clientloan (fk_loan_id,fk_client_id) VALUES ('1224266291','24');
INSERT INTO BankManage_loan (Loan_ID,fk_bank_id,money,status) values ('0778880695','合肥分行','10000.00','未支付');
INSERT INTO BankManage_clientloan (fk_loan_id,fk_client_id) VALUES ('0778880695','23');
INSERT INTO BankManage_loan (Loan_ID,fk_bank_id,money,status) values ('6329709880','合肥分行','530000.00','未支付');
INSERT INTO BankManage_clientloan (fk_loan_id,fk_client_id) VALUES ('6329709880','22');
INSERT INTO BankManage_loan (Loan_ID,fk_bank_id,money,status) values ('6426160273','合肥分行','820000.00','未支付');
INSERT INTO BankManage_clientloan (fk_loan_id,fk_client_id) VALUES ('6426160273','21');
INSERT INTO BankManage_loan (Loan_ID,fk_bank_id,money,status) values ('5269304212','合肥分行','200000.00','未支付');
INSERT INTO BankManage_clientloan (fk_loan_id,fk_client_id) VALUES ('5269304212','20');
INSERT INTO BankManage_payment (fk_loan_id,pay_date,pay_money) values ('5269304212','2014-05-26','40000.00');
INSERT INTO BankManage_payment (fk_loan_id,pay_date,pay_money) values ('5269304212','2017-08-07','40000.00');
INSERT INTO BankManage_payment (fk_loan_id,pay_date,pay_money) values ('5269304212','2021-07-14','40000.00');
INSERT INTO BankManage_payment (fk_loan_id,pay_date,pay_money) values ('5269304212','2018-04-08','40000.00');
INSERT INTO BankManage_payment (fk_loan_id,pay_date,pay_money) values ('5269304212','2014-12-24','40000.00');
INSERT INTO BankManage_loan (Loan_ID,fk_bank_id,money,status) values ('1762838794','上海分行','400000.00','未支付');
INSERT INTO BankManage_clientloan (fk_loan_id,fk_client_id) VALUES ('1762838794','19');
INSERT INTO BankManage_payment (fk_loan_id,pay_date,pay_money) values ('1762838794','2013-06-13','80000.00');
INSERT INTO BankManage_payment (fk_loan_id,pay_date,pay_money) values ('1762838794','2014-07-14','80000.00');
INSERT INTO BankManage_payment (fk_loan_id,pay_date,pay_money) values ('1762838794','2012-02-14','80000.00');
INSERT INTO BankManage_payment (fk_loan_id,pay_date,pay_money) values ('1762838794','2012-08-07','80000.00');
INSERT INTO BankManage_payment (fk_loan_id,pay_date,pay_money) values ('1762838794','2019-04-11','80000.00');
INSERT INTO BankManage_loan (Loan_ID,fk_bank_id,money,status) values ('6627367293','上海分行','980000.00','未支付');
INSERT INTO BankManage_clientloan (fk_loan_id,fk_client_id) VALUES ('6627367293','18');
INSERT INTO BankManage_loan (Loan_ID,fk_bank_id,money,status) values ('2090149897','上海分行','850000.00','未支付');
INSERT INTO BankManage_clientloan (fk_loan_id,fk_client_id) VALUES ('2090149897','17');
INSERT INTO BankManage_payment (fk_loan_id,pay_date,pay_money) values ('2090149897','2012-07-23','85000.00');
INSERT INTO BankManage_payment (fk_loan_id,pay_date,pay_money) values ('2090149897','2013-03-13','85000.00');
INSERT INTO BankManage_payment (fk_loan_id,pay_date,pay_money) values ('2090149897','2015-09-28','85000.00');
INSERT INTO BankManage_payment (fk_loan_id,pay_date,pay_money) values ('2090149897','2017-11-08','85000.00');
INSERT INTO BankManage_payment (fk_loan_id,pay_date,pay_money) values ('2090149897','2018-06-01','85000.00');
INSERT INTO BankManage_loan (Loan_ID,fk_bank_id,money,status) values ('8932882962','上海分行','230000.00','未支付');
INSERT INTO BankManage_clientloan (fk_loan_id,fk_client_id) VALUES ('8932882962','16');
INSERT INTO BankManage_payment (fk_loan_id,pay_date,pay_money) values ('8932882962','2013-02-01','23000.00');
INSERT INTO BankManage_payment (fk_loan_id,pay_date,pay_money) values ('8932882962','2013-10-11','23000.00');
INSERT INTO BankManage_payment (fk_loan_id,pay_date,pay_money) values ('8932882962','2012-10-21','23000.00');
INSERT INTO BankManage_payment (fk_loan_id,pay_date,pay_money) values ('8932882962','2012-04-05','23000.00');
INSERT INTO BankManage_payment (fk_loan_id,pay_date,pay_money) values ('8932882962','2018-10-28','23000.00');
INSERT INTO BankManage_loan (Loan_ID,fk_bank_id,money,status) values ('2800853668','上海分行','140000.00','未支付');
INSERT INTO BankManage_clientloan (fk_loan_id,fk_client_id) VALUES ('2800853668','15');
INSERT INTO BankManage_payment (fk_loan_id,pay_date,pay_money) values ('2800853668','2015-09-30','14000.00');
INSERT INTO BankManage_payment (fk_loan_id,pay_date,pay_money) values ('2800853668','2010-06-21','14000.00');
INSERT INTO BankManage_payment (fk_loan_id,pay_date,pay_money) values ('2800853668','2010-09-14','14000.00');
INSERT INTO BankManage_payment (fk_loan_id,pay_date,pay_money) values ('2800853668','2021-06-18','14000.00');
INSERT INTO BankManage_payment (fk_loan_id,pay_date,pay_money) values ('2800853668','2017-06-24','14000.00');
INSERT INTO BankManage_loan (Loan_ID,fk_bank_id,money,status) values ('5597874510','上海分行','110000.00','未支付');
INSERT INTO BankManage_clientloan (fk_loan_id,fk_client_id) VALUES ('5597874510','14');
INSERT INTO BankManage_payment (fk_loan_id,pay_date,pay_money) values ('5597874510','2017-06-04','22000.00');
INSERT INTO BankManage_payment (fk_loan_id,pay_date,pay_money) values ('5597874510','2019-05-20','22000.00');
INSERT INTO BankManage_payment (fk_loan_id,pay_date,pay_money) values ('5597874510','2020-04-11','22000.00');
INSERT INTO BankManage_payment (fk_loan_id,pay_date,pay_money) values ('5597874510','2010-06-28','22000.00');
INSERT INTO BankManage_payment (fk_loan_id,pay_date,pay_money) values ('5597874510','2014-05-27','22000.00');
INSERT INTO BankManage_loan (Loan_ID,fk_bank_id,money,status) values ('2229801805','上海分行','940000.00','未支付');
INSERT INTO BankManage_clientloan (fk_loan_id,fk_client_id) VALUES ('2229801805','13');
INSERT INTO BankManage_loan (Loan_ID,fk_bank_id,money,status) values ('6132391207','上海分行','650000.00','未支付');
INSERT INTO BankManage_clientloan (fk_loan_id,fk_client_id) VALUES ('6132391207','12');
INSERT INTO BankManage_payment (fk_loan_id,pay_date,pay_money) values ('6132391207','2010-04-18','130000.00');
INSERT INTO BankManage_payment (fk_loan_id,pay_date,pay_money) values ('6132391207','2016-03-09','130000.00');
INSERT INTO BankManage_payment (fk_loan_id,pay_date,pay_money) values ('6132391207','2012-10-27','130000.00');
INSERT INTO BankManage_payment (fk_loan_id,pay_date,pay_money) values ('6132391207','2014-04-23','130000.00');
INSERT INTO BankManage_payment (fk_loan_id,pay_date,pay_money) values ('6132391207','2020-08-09','130000.00');
INSERT INTO BankManage_loan (Loan_ID,fk_bank_id,money,status) values ('5811760291','上海分行','590000.00','未支付');
INSERT INTO BankManage_clientloan (fk_loan_id,fk_client_id) VALUES ('5811760291','11');
INSERT INTO BankManage_loan (Loan_ID,fk_bank_id,money,status) values ('2062312390','上海分行','760000.00','未支付');
INSERT INTO BankManage_clientloan (fk_loan_id,fk_client_id) VALUES ('2062312390','10');
INSERT INTO BankManage_loan (Loan_ID,fk_bank_id,money,status) values ('5264906224','北京分行','220000.00','未支付');
INSERT INTO BankManage_clientloan (fk_loan_id,fk_client_id) VALUES ('5264906224','9');
INSERT INTO BankManage_payment (fk_loan_id,pay_date,pay_money) values ('5264906224','2019-06-30','22000.00');
INSERT INTO BankManage_payment (fk_loan_id,pay_date,pay_money) values ('5264906224','2017-12-18','22000.00');
INSERT INTO BankManage_payment (fk_loan_id,pay_date,pay_money) values ('5264906224','2013-11-21','22000.00');
INSERT INTO BankManage_payment (fk_loan_id,pay_date,pay_money) values ('5264906224','2012-11-28','22000.00');
INSERT INTO BankManage_payment (fk_loan_id,pay_date,pay_money) values ('5264906224','2018-04-26','22000.00');
INSERT INTO BankManage_loan (Loan_ID,fk_bank_id,money,status) values ('0973021648','北京分行','270000.00','未支付');
INSERT INTO BankManage_clientloan (fk_loan_id,fk_client_id) VALUES ('0973021648','8');
INSERT INTO BankManage_payment (fk_loan_id,pay_date,pay_money) values ('0973021648','2012-09-05','27000.00');
INSERT INTO BankManage_payment (fk_loan_id,pay_date,pay_money) values ('0973021648','2016-05-05','27000.00');
INSERT INTO BankManage_payment (fk_loan_id,pay_date,pay_money) values ('0973021648','2018-10-27','27000.00');
INSERT INTO BankManage_payment (fk_loan_id,pay_date,pay_money) values ('0973021648','2020-08-30','27000.00');
INSERT INTO BankManage_payment (fk_loan_id,pay_date,pay_money) values ('0973021648','2011-04-30','27000.00');
INSERT INTO BankManage_loan (Loan_ID,fk_bank_id,money,status) values ('0157041667','北京分行','170000.00','未支付');
INSERT INTO BankManage_clientloan (fk_loan_id,fk_client_id) VALUES ('0157041667','7');
INSERT INTO BankManage_payment (fk_loan_id,pay_date,pay_money) values ('0157041667','2011-10-26','17000.00');
INSERT INTO BankManage_payment (fk_loan_id,pay_date,pay_money) values ('0157041667','2020-03-14','17000.00');
INSERT INTO BankManage_payment (fk_loan_id,pay_date,pay_money) values ('0157041667','2021-04-01','17000.00');
INSERT INTO BankManage_payment (fk_loan_id,pay_date,pay_money) values ('0157041667','2015-08-22','17000.00');
INSERT INTO BankManage_payment (fk_loan_id,pay_date,pay_money) values ('0157041667','2017-05-15','17000.00');
INSERT INTO BankManage_loan (Loan_ID,fk_bank_id,money,status) values ('1673592350','北京分行','310000.00','未支付');
INSERT INTO BankManage_clientloan (fk_loan_id,fk_client_id) VALUES ('1673592350','6');
INSERT INTO BankManage_payment (fk_loan_id,pay_date,pay_money) values ('1673592350','2011-06-10','31000.00');
INSERT INTO BankManage_payment (fk_loan_id,pay_date,pay_money) values ('1673592350','2016-11-28','31000.00');
INSERT INTO BankManage_payment (fk_loan_id,pay_date,pay_money) values ('1673592350','2019-09-02','31000.00');
INSERT INTO BankManage_payment (fk_loan_id,pay_date,pay_money) values ('1673592350','2015-09-13','31000.00');
INSERT INTO BankManage_payment (fk_loan_id,pay_date,pay_money) values ('1673592350','2011-11-14','31000.00');
INSERT INTO BankManage_loan (Loan_ID,fk_bank_id,money,status) values ('4605628698','北京分行','540000.00','未支付');
INSERT INTO BankManage_clientloan (fk_loan_id,fk_client_id) VALUES ('4605628698','5');
INSERT INTO BankManage_loan (Loan_ID,fk_bank_id,money,status) values ('0934640508','北京分行','680000.00','未支付');
INSERT INTO BankManage_clientloan (fk_loan_id,fk_client_id) VALUES ('0934640508','4');
INSERT INTO BankManage_loan (Loan_ID,fk_bank_id,money,status) values ('4848574577','北京分行','130000.00','未支付');
INSERT INTO BankManage_clientloan (fk_loan_id,fk_client_id) VALUES ('4848574577','3');
INSERT INTO BankManage_loan (Loan_ID,fk_bank_id,money,status) values ('5830211843','北京分行','380000.00','未支付');
INSERT INTO BankManage_clientloan (fk_loan_id,fk_client_id) VALUES ('5830211843','2');
INSERT INTO BankManage_payment (fk_loan_id,pay_date,pay_money) values ('5830211843','2019-05-04','38000.00');
INSERT INTO BankManage_payment (fk_loan_id,pay_date,pay_money) values ('5830211843','2013-10-08','38000.00');
INSERT INTO BankManage_payment (fk_loan_id,pay_date,pay_money) values ('5830211843','2014-01-23','38000.00');
INSERT INTO BankManage_payment (fk_loan_id,pay_date,pay_money) values ('5830211843','2020-05-07','38000.00');
INSERT INTO BankManage_payment (fk_loan_id,pay_date,pay_money) values ('5830211843','2013-08-06','38000.00');
INSERT INTO BankManage_loan (Loan_ID,fk_bank_id,money,status) values ('4341774622','北京分行','700000.00','未支付');
INSERT INTO BankManage_clientloan (fk_loan_id,fk_client_id) VALUES ('4341774622','1');
INSERT INTO BankManage_payment (fk_loan_id,pay_date,pay_money) values ('4341774622','2018-02-19','140000.00');
INSERT INTO BankManage_payment (fk_loan_id,pay_date,pay_money) values ('4341774622','2014-04-05','140000.00');
INSERT INTO BankManage_payment (fk_loan_id,pay_date,pay_money) values ('4341774622','2012-01-23','140000.00');
INSERT INTO BankManage_payment (fk_loan_id,pay_date,pay_money) values ('4341774622','2011-08-27','140000.00');
INSERT INTO BankManage_payment (fk_loan_id,pay_date,pay_money) values ('4341774622','2011-01-20','140000.00');
INSERT INTO BankManage_loan (Loan_ID,fk_bank_id,money,status) values ('8157165408','北京分行','140000.00','未支付');
INSERT INTO BankManage_clientloan (fk_loan_id,fk_client_id) VALUES ('8157165408','0');
INSERT INTO BankManage_payment (fk_loan_id,pay_date,pay_money) values ('8157165408','2018-04-14','28000.00');
INSERT INTO BankManage_payment (fk_loan_id,pay_date,pay_money) values ('8157165408','2020-09-18','28000.00');
INSERT INTO BankManage_payment (fk_loan_id,pay_date,pay_money) values ('8157165408','2016-03-29','28000.00');
INSERT INTO BankManage_payment (fk_loan_id,pay_date,pay_money) values ('8157165408','2019-12-31','28000.00');
INSERT INTO BankManage_payment (fk_loan_id,pay_date,pay_money) values ('8157165408','2013-05-24','28000.00');
